name,label
SOB_M_LC-14-15570-400-021.png,
SOB_M_DC-14-2773-40-021.png,
SOB_M_LC-14-15570-200-052.png,
SOB_M_PC-14-15704-200-017.png,
SOB_M_LC-14-16196-40-008.png,
SOB_B_PT-14-22704-400-014.png,
SOB_M_DC-14-5695-200-010.png,
SOB_B_PT-14-21998AB-400-055.png,
SOB_B_F-14-29960AB-100-015.png,
SOB_M_PC-14-9146-100-003.png,
SOB_B_A-14-22549G-100-020.png,
SOB_B_TA-14-3411F-400-011.png,
SOB_B_F-14-14134E-100-005.png,
SOB_B_F-14-14134-100-006.png,
SOB_M_DC-14-15696-100-015.png,
SOB_M_DC-14-5695-200-021.png,
SOB_M_DC-14-16448-100-011.png,
SOB_M_DC-14-20629-200-014.png,
SOB_M_DC-14-11951-400-006.png,
SOB_M_MC-14-16456-40-064.png,
SOB_M_DC-14-13993-40-019.png,
SOB_M_PC-14-19440-40-003.png,
SOB_M_DC-14-16448-40-004.png,
SOB_M_DC-14-17901-400-018.png,
SOB_B_TA-14-16184CD-40-028.png,
SOB_B_F-14-21998CD-40-027.png,
SOB_B_TA-14-21978AB-200-016.png,
SOB_M_LC-14-12204-100-035.png,
SOB_B_F-14-23060AB-40-023.png,
SOB_M_DC-14-6241-40-017.png,
SOB_B_F-14-21998CD-100-016.png,
SOB_B_F-14-14134-400-027.png,
SOB_B_F-14-21998EF-400-007.png,
SOB_M_DC-14-12312-200-033.png,
SOB_M_DC-14-18650-400-015.png,
SOB_M_DC-14-16188-40-024.png,
SOB_M_MC-14-16456-200-003.png,
SOB_M_DC-14-18650-40-026.png,
SOB_B_TA-14-13200-200-003.png,
SOB_M_PC-14-9146-400-024.png,
SOB_M_DC-14-16448-100-006.png,
SOB_M_PC-14-12465-400-001.png,
SOB_M_DC-14-14926-100-016.png,
SOB_M_DC-14-5694-200-001.png,
SOB_M_DC-14-5287-100-020.png,
SOB_M_DC-14-4372-400-014.png,
SOB_M_MC-14-19979-100-022.png,
SOB_B_A-14-22549CD-200-027.png,
SOB_M_DC-14-13412-100-023.png,
SOB_M_DC-14-13993-400-001.png,
SOB_B_A-14-22549AB-200-006.png,
SOB_M_DC-14-6241-40-049.png,
SOB_B_A-14-22549G-40-032.png,
SOB_B_A-14-22549G-100-013.png,
SOB_M_DC-14-16336-40-002.png,
SOB_B_F-14-14134-400-011.png,
SOB_B_A-14-22549AB-40-013.png,
SOB_M_LC-14-12204-200-049.png,
SOB_M_DC-14-13412-200-022.png,
SOB_M_MC-14-12773-40-004.png,
SOB_B_A-14-22549AB-40-008.png,
SOB_M_LC-14-16196-40-001.png,
SOB_M_MC-14-13413-40-018.png,
SOB_M_DC-14-16875-200-016.png,
SOB_M_DC-14-5695-40-003.png,
SOB_B_TA-14-16184CD-40-031.png,
SOB_M_DC-14-16716-100-005.png,
SOB_B_PT-14-22704-400-033.png,
SOB_M_DC-14-13412-100-025.png,
SOB_B_A-14-22549G-40-026.png,
SOB_M_DC-14-16188-100-003.png,
SOB_B_A-14-22549G-40-009.png,
SOB_M_DC-14-18650-200-022.png,
SOB_B_A-14-22549CD-100-023.png,
SOB_M_LC-14-15570-40-051.png,
SOB_B_F-14-23060AB-200-012.png,
SOB_M_PC-14-19440-40-006.png,
SOB_M_DC-14-12312-200-023.png,
SOB_B_TA-14-16184-200-006.png,
SOB_M_DC-14-3909-200-013.png,
SOB_B_TA-14-13200-100-004.png,
SOB_B_TA-14-16184CD-40-004.png,
SOB_M_DC-14-14015-100-019.png,
SOB_M_LC-14-13412-40-020.png,
SOB_B_PT-14-22704-400-025.png,
SOB_B_PT-14-29315EF-200-014.png,
SOB_M_DC-14-13993-200-025.png,
SOB_M_DC-14-5695-100-013.png,
SOB_M_DC-14-16716-100-035.png,
SOB_M_DC-14-14015-400-014.png,
SOB_B_TA-14-3411F-200-011.png,
SOB_M_DC-14-17901-400-023.png,
SOB_B_F-14-21998CD-200-022.png,
SOB_M_DC-14-16448-40-011.png,
SOB_M_DC-14-14015-40-017.png,
SOB_M_MC-14-19979-100-023.png,
SOB_M_DC-14-20636-40-020.png,
SOB_M_DC-14-3909-200-017.png,
SOB_M_DC-14-15792-100-012.png,
SOB_M_LC-14-15570-40-031.png,
SOB_M_LC-14-13412-100-008.png,
SOB_M_MC-14-10147-400-008.png,
SOB_B_F-14-14134-100-018.png,
SOB_B_PT-14-21998AB-100-015.png,
SOB_B_F-14-21998EF-40-001.png,
SOB_M_DC-14-15792-40-001.png,
SOB_B_TA-14-3411F-40-011.png,
SOB_M_MC-14-13418DE-100-001.png,
SOB_B_TA-14-16184CD-400-009.png,
SOB_B_F-14-14134E-40-005.png,
SOB_M_DC-14-2980-100-012.png,
SOB_B_PT-14-21998AB-200-037.png,
SOB_M_DC-14-2523-100-033.png,
SOB_M_DC-14-20636-100-008.png,
SOB_B_F-14-14134-200-032.png,
SOB_M_DC-14-3909-40-002.png,
SOB_M_DC-14-4364-200-026.png,
SOB_B_PT-14-21998AB-200-013.png,
SOB_M_MC-14-19979C-400-006.png,
SOB_M_DC-14-16716-400-028.png,
SOB_B_TA-14-16184CD-400-001.png,
SOB_B_TA-14-13200-40-008.png,
SOB_M_DC-14-4364-200-024.png,
SOB_M_DC-14-13993-100-009.png,
SOB_B_F-14-25197-100-011.png,
SOB_M_DC-14-20636-40-011.png,
SOB_B_TA-14-16184CD-40-032.png,
SOB_M_DC-14-12312-400-009.png,
SOB_B_F-14-14134-200-023.png,
SOB_M_DC-14-16188-40-002.png,
SOB_M_DC-14-2980-100-002.png,
SOB_M_MC-14-16456-200-052.png,
SOB_M_DC-14-16448-200-013.png,
SOB_M_DC-14-9461-400-019.png,
SOB_M_DC-14-20629-200-005.png,
SOB_B_A-14-22549CD-40-007.png,
SOB_M_DC-14-16716-100-013.png,
SOB_M_DC-14-4364-200-022.png,
SOB_B_TA-14-16184CD-40-003.png,
SOB_M_MC-14-16456-40-066.png,
SOB_M_PC-14-15704-200-010.png,
SOB_M_DC-14-11520-100-025.png,
SOB_B_A-14-22549G-400-014.png,
SOB_M_DC-14-3909-200-012.png,
SOB_B_TA-14-13200-200-018.png,
SOB_M_LC-14-13412-100-020.png,
SOB_M_DC-14-20629-100-008.png,
SOB_M_MC-14-16456-40-003.png,
SOB_M_DC-14-2985-40-003.png,
SOB_M_LC-14-12204-400-032.png,
SOB_B_TA-14-16184-40-027.png,
SOB_M_DC-14-20636-400-002.png,
SOB_M_LC-14-12204-100-045.png,
SOB_B_F-14-14134-400-002.png,
SOB_M_MC-14-12773-200-005.png,
SOB_M_LC-14-15570-400-029.png,
SOB_M_MC-14-19979-100-008.png,
SOB_M_DC-14-16188-400-008.png,
SOB_M_DC-14-14926-40-012.png,
SOB_B_PT-14-29315EF-400-003.png,
SOB_M_DC-14-11951-400-015.png,
SOB_M_DC-14-11951-40-013.png,
SOB_B_PT-14-21998AB-400-052.png,
SOB_B_PT-14-22704-100-014.png,
SOB_M_DC-14-15696-40-013.png,
SOB_M_DC-14-5695-100-008.png,
SOB_M_DC-14-16875-200-012.png,
SOB_M_DC-14-16448-400-003.png,
SOB_B_F-14-21998EF-400-003.png,
SOB_B_F-14-21998CD-400-023.png,
SOB_M_DC-14-6241-40-026.png,
SOB_M_DC-14-16716-200-023.png,
SOB_M_DC-14-16448-40-007.png,
SOB_M_DC-14-11520-40-009.png,
SOB_M_DC-14-17614-400-022.png,
SOB_M_DC-14-2980-400-011.png,
SOB_B_F-14-14134E-200-016.png,
SOB_B_PT-14-22704-40-011.png,
SOB_M_DC-14-11951-40-019.png,
SOB_M_DC-14-9461-100-037.png,
SOB_M_LC-14-15570C-400-025.png,
SOB_M_MC-14-13418DE-40-003.png,
SOB_M_DC-14-6241-400-004.png,
SOB_B_F-14-14134-400-009.png,
SOB_M_DC-14-13412-200-021.png,
SOB_M_DC-14-17614-40-022.png,
SOB_B_F-14-9133-40-018.png,
SOB_M_DC-14-2980-400-004.png,
SOB_M_MC-14-13418DE-200-009.png,
SOB_M_LC-14-16196-100-003.png,
SOB_M_DC-14-5694-100-007.png,
SOB_B_F-14-21998CD-400-005.png,
SOB_B_PT-14-21998AB-400-004.png,
SOB_B_F-14-9133-400-026.png,
SOB_B_F-14-14134-40-016.png,
SOB_M_DC-14-16336-200-013.png,
SOB_M_PC-14-9146-400-020.png,
SOB_M_DC-14-5695-40-019.png,
SOB_B_PT-14-21998AB-100-009.png,
SOB_M_DC-14-17915-100-003.png,
SOB_B_F-14-9133-400-019.png,
SOB_B_F-14-25197-400-059.png,
SOB_B_PT-14-29315EF-400-008.png,
SOB_M_DC-14-10926-200-006.png,
SOB_M_PC-14-15687B-100-012.png,
SOB_M_PC-14-19440-100-032.png,
SOB_M_MC-14-18842D-400-014.png,
SOB_M_DC-14-6241-100-001.png,
SOB_M_DC-14-16875-100-009.png,
SOB_M_MC-14-12773-100-009.png,
SOB_B_A-14-22549CD-40-035.png,
SOB_B_F-14-14134E-200-020.png,
SOB_M_DC-14-20629-100-005.png,
SOB_M_DC-14-11520-200-001.png,
SOB_M_LC-14-12204-100-031.png,
SOB_M_LC-14-12204-40-017.png,
SOB_B_PT-14-22704-400-030.png,
SOB_M_DC-14-2773-200-010.png,
SOB_B_PT-14-22704-200-024.png,
SOB_M_MC-14-18842D-400-006.png,
SOB_M_DC-14-9461-100-031.png,
SOB_B_F-14-29960AB-400-004.png,
SOB_M_MC-14-18842-100-019.png,
SOB_M_DC-14-16716-200-007.png,
SOB_M_DC-14-16716-100-006.png,
SOB_M_LC-14-12204-100-059.png,
SOB_B_PT-14-22704-400-028.png,
SOB_M_DC-14-11951-100-004.png,
SOB_B_TA-14-16184CD-400-024.png,
SOB_M_DC-14-5694-200-009.png,
SOB_M_DC-14-2985-200-010.png,
SOB_M_PC-14-9146-200-014.png,
SOB_B_F-14-23060CD-400-016.png,
SOB_M_DC-14-11031-40-013.png,
SOB_M_LC-14-13412-40-028.png,
SOB_M_DC-14-5287-100-009.png,
SOB_M_DC-14-13993-100-003.png,
SOB_M_DC-14-3909-40-012.png,
SOB_B_PT-14-22704-100-030.png,
SOB_M_DC-14-12312-200-007.png,
SOB_M_DC-14-12312-400-005.png,
SOB_M_DC-14-16716-100-008.png,
SOB_B_PT-14-21998AB-100-065.png,
SOB_M_DC-14-5695-200-012.png,
SOB_M_DC-14-2773-100-016.png,
SOB_M_PC-14-9146-400-022.png,
SOB_M_MC-14-18842D-200-012.png,
SOB_B_F-14-29960AB-200-017.png,
SOB_M_DC-14-12312-100-004.png,
SOB_M_DC-14-17915-40-014.png,
SOB_M_DC-14-13412-40-017.png,
SOB_M_DC-14-14946-100-024.png,
SOB_M_MC-14-13418DE-400-009.png,
SOB_B_F-14-14134-100-022.png,
SOB_M_DC-14-11520-100-024.png,
SOB_M_LC-14-13412-400-006.png,
SOB_M_PC-14-9146-200-005.png,
SOB_M_DC-14-3909-400-004.png,
SOB_M_LC-14-12204-40-007.png,
SOB_M_LC-14-16196-40-002.png,
SOB_M_DC-14-4364-200-018.png,
SOB_M_LC-14-15570C-400-016.png,
SOB_B_PT-14-21998AB-400-045.png,
SOB_M_PC-14-15704-40-020.png,
SOB_M_DC-14-4364-400-004.png,
SOB_M_DC-14-17614-40-020.png,
SOB_B_PT-14-22704-200-031.png,
SOB_B_F-14-21998CD-100-017.png,
SOB_M_DC-14-9461-400-027.png,
SOB_M_DC-14-9461-40-022.png,
SOB_M_MC-14-10147-40-002.png,
SOB_M_MC-14-10147-40-006.png,
SOB_M_LC-14-15570C-100-011.png,
SOB_M_DC-14-13993-200-029.png,
SOB_M_PC-14-12465-200-005.png,
SOB_M_DC-14-16875-100-013.png,
SOB_M_DC-14-17901-400-010.png,
SOB_M_DC-14-9461-100-040.png,
SOB_M_DC-14-16716-100-021.png,
SOB_M_MC-14-16456-40-056.png,
SOB_M_DC-14-20636-400-001.png,
SOB_M_DC-14-13412-400-012.png,
SOB_M_DC-14-14015-200-016.png,
SOB_M_LC-14-15570C-40-006.png,
SOB_M_DC-14-14926-400-009.png,
SOB_M_DC-14-2773-200-034.png,
SOB_B_F-14-21998CD-200-024.png,
SOB_M_PC-14-19440-40-008.png,
SOB_B_F-14-9133-400-006.png,
SOB_B_TA-14-15275-40-009.png,
SOB_M_DC-14-9461-200-020.png,
SOB_M_DC-14-13412-200-013.png,
SOB_B_PT-14-21998AB-40-003.png,
SOB_M_PC-14-19440-40-018.png,
SOB_M_PC-14-9146-100-004.png,
SOB_M_DC-14-9461-200-063.png,
SOB_B_TA-14-13200-400-004.png,
SOB_B_A-14-22549G-200-026.png,
SOB_M_MC-14-16456-200-068.png,
SOB_B_F-14-21998EF-100-016.png,
SOB_M_PC-14-15704-200-001.png,
SOB_B_F-14-21998EF-400-010.png,
SOB_M_PC-14-15704-100-017.png,
SOB_M_DC-14-15696-40-007.png,
SOB_M_DC-14-13412-40-031.png,
SOB_M_MC-14-16456-40-068.png,
SOB_B_TA-14-16184-40-020.png,
SOB_B_TA-14-19854C-400-011.png,
SOB_M_PC-14-12465-40-016.png,
SOB_M_PC-14-12465-100-005.png,
SOB_M_DC-14-14926-40-014.png,
SOB_M_MC-14-13413-100-030.png,
SOB_M_DC-14-12312-40-021.png,
SOB_B_F-14-9133-100-005.png,
SOB_M_DC-14-16601-100-011.png,
SOB_M_MC-14-16456-200-054.png,
SOB_B_F-14-14134-400-030.png,
SOB_M_DC-14-12312-200-004.png,
SOB_M_DC-14-18650-400-023.png,
SOB_M_LC-14-16196-100-016.png,
SOB_M_LC-14-13412-200-030.png,
SOB_M_LC-14-15570-100-043.png,
SOB_M_DC-14-17901-40-023.png,
SOB_B_PT-14-22704-40-022.png,
SOB_M_DC-14-16716-40-013.png,
SOB_M_DC-14-2773-400-019.png,
SOB_B_TA-14-3411F-100-015.png,
SOB_M_PC-14-9146-200-006.png,
SOB_M_DC-14-20629-200-001.png,
SOB_M_DC-14-13412-40-011.png,
SOB_B_A-14-22549G-400-019.png,
SOB_B_F-14-21998CD-100-027.png,
SOB_M_DC-14-16875-200-014.png,
SOB_B_F-14-29960AB-400-016.png,
SOB_B_F-14-29960AB-40-014.png,
SOB_M_DC-14-11520-40-025.png,
SOB_M_DC-14-17901-100-017.png,
SOB_M_DC-14-15696-200-007.png,
SOB_M_DC-14-11951-100-025.png,
SOB_M_DC-14-15792-40-005.png,
SOB_B_F-14-9133-200-004.png,
SOB_M_DC-14-14926-40-005.png,
SOB_M_MC-14-10147-40-009.png,
SOB_M_MC-14-19979-200-008.png,
SOB_M_DC-14-12312-100-016.png,
SOB_M_DC-14-16448-200-009.png,
SOB_M_DC-14-16716-40-026.png,
SOB_M_DC-14-17915-40-023.png,
SOB_M_PC-14-9146-40-006.png,
SOB_M_DC-14-2773-400-006.png,
SOB_M_DC-14-15792-40-012.png,
SOB_B_A-14-22549AB-40-021.png,
SOB_B_F-14-23060AB-40-004.png,
SOB_B_PT-14-29315EF-400-007.png,
SOB_M_DC-14-4372-40-008.png,
SOB_M_LC-14-12204-400-031.png,
SOB_M_DC-14-17901-400-022.png,
SOB_B_F-14-21998CD-200-003.png,
SOB_M_DC-14-11951-200-002.png,
SOB_M_DC-14-14015-400-016.png,
SOB_B_A-14-22549AB-200-012.png,
SOB_B_TA-14-16184CD-200-021.png,
SOB_M_LC-14-13412-100-010.png,
SOB_M_PC-14-9146-200-016.png,
SOB_B_F-14-23222AB-100-013.png,
SOB_B_F-14-14134-200-015.png,
SOB_M_DC-14-13412-200-030.png,
SOB_M_DC-14-5694-40-017.png,
SOB_M_DC-14-14926-100-019.png,
SOB_B_A-14-29960CD-400-006.png,
SOB_M_DC-14-11951-400-009.png,
SOB_B_TA-14-19854C-200-011.png,
SOB_B_TA-14-16184CD-100-037.png,
SOB_M_LC-14-13412-400-017.png,
SOB_B_TA-14-16184-40-003.png,
SOB_M_MC-14-12773-400-001.png,
SOB_B_F-14-23060CD-100-001.png,
SOB_M_DC-14-18650-400-027.png,
SOB_M_MC-14-18842-100-020.png,
SOB_M_DC-14-2773-200-011.png,
SOB_M_MC-14-16456-200-074.png,
SOB_B_TA-14-3411F-40-004.png,
SOB_B_F-14-9133-100-013.png,
SOB_B_TA-14-16184CD-40-034.png,
SOB_M_DC-14-20629-40-007.png,
SOB_B_F-14-9133-100-015.png,
SOB_M_DC-14-17901-100-012.png,
SOB_M_DC-14-14946-400-013.png,
SOB_M_PC-14-12465-200-017.png,
SOB_M_LC-14-12204-40-003.png,
SOB_M_DC-14-2980-40-018.png,
SOB_M_LC-14-15570-100-007.png,
SOB_M_DC-14-2985-400-001.png,
SOB_M_DC-14-6241-100-030.png,
SOB_B_PT-14-22704-40-032.png,
SOB_B_TA-14-19854C-200-016.png,
SOB_M_LC-14-13412-100-022.png,
SOB_M_DC-14-13412-400-013.png,
SOB_M_MC-14-13413-100-034.png,
SOB_M_DC-14-9461-100-033.png,
SOB_B_F-14-21998EF-100-001.png,
SOB_B_A-14-22549CD-400-026.png,
SOB_M_DC-14-2980-40-003.png,
SOB_M_DC-14-13412-400-025.png,
SOB_M_MC-14-16456-40-012.png,
SOB_M_LC-14-15570-200-053.png,
SOB_M_MC-14-16456-100-062.png,
SOB_M_PC-14-15687B-400-007.png,
SOB_M_DC-14-6241-100-020.png,
SOB_M_PC-14-15687B-400-014.png,
SOB_B_A-14-22549CD-40-026.png,
SOB_B_F-14-14134-200-031.png,
SOB_B_F-14-23060CD-40-014.png,
SOB_M_DC-14-13412-40-005.png,
SOB_M_MC-14-18842-40-004.png,
SOB_M_DC-14-20636-200-002.png,
SOB_M_DC-14-15572-200-016.png,
SOB_M_PC-14-19440-40-019.png,
SOB_M_DC-14-20629-200-013.png,
SOB_M_DC-14-6241-100-008.png,
SOB_M_DC-14-15696-40-014.png,
SOB_M_DC-14-11520-400-014.png,
SOB_M_MC-14-10147-200-003.png,
SOB_B_PT-14-21998AB-400-036.png,
SOB_M_LC-14-15570C-200-005.png,
SOB_B_A-14-22549G-400-015.png,
SOB_M_DC-14-5695-200-008.png,
SOB_B_A-14-22549G-40-008.png,
SOB_M_DC-14-14946-40-008.png,
SOB_B_F-14-23222AB-200-004.png,
SOB_M_PC-14-9146-40-022.png,
SOB_B_PT-14-21998AB-40-031.png,
SOB_M_DC-14-17614-200-023.png,
SOB_M_MC-14-18842-400-002.png,
SOB_B_PT-14-21998AB-200-049.png,
SOB_M_DC-14-5695-40-023.png,
SOB_M_DC-14-18650-40-020.png,
SOB_M_PC-14-19440-40-033.png,
SOB_M_LC-14-12204-400-024.png,
SOB_M_DC-14-11520-100-013.png,
SOB_B_PT-14-22704-100-001.png,
SOB_B_F-14-9133-400-018.png,
SOB_M_DC-14-16448-400-009.png,
SOB_M_MC-14-13413-100-009.png,
SOB_M_DC-14-13412-200-028.png,
SOB_B_F-14-21998EF-100-032.png,
SOB_M_PC-14-15687B-400-004.png,
SOB_M_DC-14-20636-200-024.png,
SOB_B_PT-14-21998AB-40-058.png,
SOB_M_DC-14-20629-200-029.png,
SOB_B_F-14-23060CD-400-004.png,
SOB_B_TA-14-21978AB-40-003.png,
SOB_B_A-14-22549CD-100-035.png,
SOB_M_DC-14-11520-200-003.png,
SOB_B_TA-14-15275-100-007.png,
SOB_M_DC-14-12312-400-035.png,
SOB_B_TA-14-3411F-400-016.png,
SOB_M_DC-14-15696-100-023.png,
SOB_M_LC-14-16196-40-014.png,
SOB_M_LC-14-15570C-400-008.png,
SOB_M_LC-14-12204-100-037.png,
SOB_B_F-14-23060AB-100-007.png,
SOB_M_DC-14-17614-40-001.png,
SOB_B_F-14-21998EF-200-014.png,
SOB_M_DC-14-12312-400-022.png,
SOB_M_DC-14-2773-200-025.png,
SOB_B_TA-14-16184CD-200-022.png,
SOB_M_DC-14-13412-100-011.png,
SOB_B_PT-14-21998AB-200-002.png,
SOB_M_LC-14-15570C-200-018.png,
SOB_M_LC-14-12204-200-040.png,
SOB_M_DC-14-14926-100-005.png,
SOB_M_MC-14-19979-400-015.png,
SOB_B_F-14-14134-400-033.png,
SOB_M_DC-14-14926-40-001.png,
SOB_M_DC-14-20629-400-023.png,
SOB_M_DC-14-16716-100-014.png,
SOB_M_MC-14-13413-100-033.png,
SOB_M_DC-14-11520-200-011.png,
SOB_M_DC-14-2985-400-014.png,
SOB_B_PT-14-21998AB-100-019.png,
SOB_M_DC-14-9461-200-058.png,
SOB_B_F-14-23060CD-40-006.png,
SOB_M_DC-14-14946-400-009.png,
SOB_B_F-14-21998EF-40-014.png,
SOB_M_DC-14-11031-40-002.png,
SOB_B_PT-14-21998AB-100-026.png,
SOB_M_MC-14-18842D-400-005.png,
SOB_M_DC-14-17901-100-002.png,
SOB_M_DC-14-16875-40-005.png,
SOB_M_DC-14-17901-400-006.png,
SOB_M_DC-14-2985-40-011.png,
SOB_M_DC-14-13993-40-001.png,
SOB_M_DC-14-6241-40-045.png,
SOB_M_DC-14-2980-100-008.png,
SOB_B_TA-14-3411F-200-016.png,
SOB_B_TA-14-21978AB-100-002.png,
SOB_M_MC-14-16456-400-040.png,
SOB_B_PT-14-21998AB-400-044.png,
SOB_M_LC-14-15570C-100-010.png,
SOB_B_PT-14-21998AB-100-066.png,
SOB_B_A-14-29960CD-40-003.png,
SOB_B_F-14-14134E-40-001.png,
SOB_M_PC-14-19440-100-037.png,
SOB_B_TA-14-3411F-400-013.png,
SOB_M_MC-14-18842-400-004.png,
SOB_M_DC-14-6241-400-002.png,
SOB_M_MC-14-18842-40-003.png,
SOB_M_DC-14-17614-200-007.png,
SOB_B_F-14-23222AB-400-003.png,
SOB_B_A-14-22549CD-40-004.png,
SOB_M_DC-14-15792-100-003.png,
SOB_M_DC-14-14015-40-003.png,
SOB_B_F-14-21998EF-200-022.png,
SOB_B_A-14-22549AB-100-026.png,
SOB_M_LC-14-15570-40-009.png,
SOB_B_PT-14-22704-40-007.png,
SOB_M_PC-14-19440-400-005.png,
SOB_B_TA-14-19854C-40-002.png,
SOB_M_MC-14-19979C-200-011.png,
SOB_M_MC-14-12773-40-014.png,
SOB_M_MC-14-18842D-40-008.png,
SOB_M_LC-14-13412-100-016.png,
SOB_B_F-14-14134E-40-006.png,
SOB_M_DC-14-14015-200-003.png,
SOB_M_LC-14-16196-100-001.png,
SOB_M_MC-14-16456-100-072.png,
SOB_M_DC-14-16716-40-036.png,
SOB_B_F-14-14134E-200-007.png,
SOB_M_DC-14-11951-40-027.png,
SOB_B_TA-14-16184-200-029.png,
SOB_M_DC-14-14015-400-004.png,
SOB_M_DC-14-5695-400-001.png,
SOB_M_DC-14-4372-40-016.png,
SOB_M_DC-14-15696-100-008.png,
SOB_M_DC-14-9461-40-025.png,
SOB_M_DC-14-17901-400-013.png,
SOB_B_TA-14-15275-400-011.png,
SOB_M_DC-14-12312-40-009.png,
SOB_M_DC-14-10926-100-005.png,
SOB_M_LC-14-13412-100-003.png,
SOB_M_DC-14-11520-200-002.png,
SOB_M_DC-14-9461-200-017.png,
SOB_M_DC-14-5287-400-011.png,
SOB_M_DC-14-16716-200-014.png,
SOB_M_DC-14-5695-100-007.png,
SOB_M_DC-14-17614-400-028.png,
SOB_M_DC-14-14926-200-013.png,
SOB_B_PT-14-22704-200-007.png,
SOB_M_DC-14-16336-400-005.png,
SOB_B_F-14-21998EF-200-006.png,
SOB_M_DC-14-4372-400-003.png,
SOB_M_DC-14-16601-200-010.png,
SOB_M_DC-14-9461-40-021.png,
SOB_B_A-14-22549G-40-015.png,
SOB_B_A-14-22549G-400-025.png,
SOB_M_DC-14-2985-200-004.png,
SOB_B_F-14-29960AB-400-015.png,
SOB_M_DC-14-12312-400-029.png,
SOB_M_DC-14-17614-400-011.png,
SOB_M_DC-14-20629-40-011.png,
SOB_M_PC-14-9146-400-009.png,
SOB_M_DC-14-20629-400-018.png,
SOB_B_PT-14-22704-100-007.png,
SOB_M_MC-14-10147-40-005.png,
SOB_B_F-14-14134E-40-017.png,
SOB_B_F-14-9133-400-015.png,
SOB_M_DC-14-4364-100-009.png,
SOB_M_MC-14-10147-100-011.png,
SOB_M_DC-14-15696-40-016.png,
SOB_B_F-14-25197-200-036.png,
SOB_B_PT-14-21998AB-40-032.png,
SOB_M_DC-14-13993-40-029.png,
SOB_M_DC-14-9461-200-041.png,
SOB_B_TA-14-3411F-200-008.png,
SOB_M_LC-14-12204-100-048.png,
SOB_B_F-14-14134E-100-032.png,
SOB_M_DC-14-16875-40-011.png,
SOB_M_DC-14-15792-40-009.png,
SOB_M_MC-14-18842-200-012.png,
SOB_B_F-14-23222AB-40-011.png,
SOB_M_DC-14-12312-100-038.png,
SOB_M_DC-14-13993-200-021.png,
SOB_B_A-14-22549CD-100-024.png,
SOB_M_PC-14-19440-100-030.png,
SOB_M_DC-14-16336-200-019.png,
SOB_B_F-14-14134E-40-018.png,
SOB_M_MC-14-16456-200-049.png,
SOB_M_PC-14-15704-400-029.png,
SOB_M_DC-14-12312-400-024.png,
SOB_M_DC-14-14926-40-015.png,
SOB_M_DC-14-3909-40-021.png,
SOB_M_MC-14-19979-400-020.png,
SOB_M_DC-14-20636-100-025.png,
SOB_M_DC-14-14926-400-001.png,
SOB_M_PC-14-15687B-100-010.png,
SOB_M_DC-14-17901-40-018.png,
SOB_M_DC-14-6241-40-054.png,
SOB_M_DC-14-20629-400-005.png,
SOB_B_F-14-21998EF-400-027.png,
SOB_M_DC-14-6241-40-020.png,
SOB_M_MC-14-10147-40-013.png,
SOB_M_LC-14-15570C-40-021.png,
SOB_M_MC-14-18842D-400-004.png,
SOB_M_DC-14-3909-40-018.png,
SOB_M_MC-14-16456-400-007.png,
SOB_B_TA-14-3411F-200-002.png,
SOB_M_DC-14-12312-100-032.png,
SOB_M_DC-14-15572-40-004.png,
SOB_M_MC-14-16456-100-008.png,
SOB_M_DC-14-4372-400-006.png,
SOB_M_DC-14-13412-200-020.png,
SOB_M_DC-14-20629-100-024.png,
SOB_B_F-14-21998CD-100-025.png,
SOB_M_DC-14-11520-100-010.png,
SOB_M_DC-14-17614-100-006.png,
SOB_M_DC-14-15696-400-002.png,
SOB_B_F-14-9133-40-003.png,
SOB_M_LC-14-12204-40-034.png,
SOB_M_PC-14-9146-100-019.png,
SOB_B_F-14-21998CD-40-032.png,
SOB_M_DC-14-5287-100-019.png,
SOB_M_DC-14-15696-400-012.png,
SOB_B_F-14-25197-200-055.png,
SOB_M_MC-14-19979-400-010.png,
SOB_B_F-14-25197-200-057.png,
SOB_B_F-14-25197-100-032.png,
SOB_M_PC-14-9146-40-004.png,
SOB_M_DC-14-17901-400-015.png,
SOB_M_MC-14-16456-400-006.png,
SOB_M_LC-14-15570-40-010.png,
SOB_M_MC-14-13418DE-400-007.png,
SOB_B_A-14-22549G-200-027.png,
SOB_B_F-14-23060CD-400-001.png,
SOB_M_LC-14-15570C-100-009.png,
SOB_M_LC-14-15570-100-008.png,
SOB_B_F-14-29960AB-400-007.png,
SOB_M_MC-14-18842-200-004.png,
SOB_B_F-14-23060AB-200-005.png,
SOB_M_MC-14-16456-40-071.png,
SOB_M_LC-14-15570C-200-008.png,
SOB_M_MC-14-19979-100-002.png,
SOB_M_DC-14-5694-400-004.png,
SOB_B_TA-14-19854C-400-010.png,
SOB_M_DC-14-16716-100-017.png,
SOB_M_DC-14-4364-200-001.png,
SOB_B_PT-14-22704-40-018.png,
SOB_M_DC-14-11031-400-010.png,
SOB_M_DC-14-4364-200-006.png,
SOB_M_DC-14-13993-400-022.png,
SOB_M_DC-14-16188-40-014.png,
SOB_M_DC-14-14946-100-014.png,
SOB_M_MC-14-13413-40-002.png,
SOB_M_DC-14-17901-200-013.png,
SOB_M_DC-14-20636-100-005.png,
SOB_M_DC-14-12312-40-028.png,
SOB_M_MC-14-19979C-40-007.png,
SOB_M_DC-14-17614-40-006.png,
SOB_M_MC-14-19979C-200-008.png,
SOB_B_A-14-29960CD-200-015.png,
SOB_M_PC-14-15704-400-002.png,
SOB_M_PC-15-190EF-40-013.png,
SOB_B_A-14-22549G-400-005.png,
SOB_B_TA-14-16184CD-40-007.png,
SOB_B_A-14-22549AB-100-021.png,
SOB_M_LC-14-16196-40-010.png,
SOB_M_DC-14-17901-400-011.png,
SOB_M_DC-14-6241-40-012.png,
SOB_B_F-14-23222AB-400-013.png,
SOB_B_PT-14-22704-100-025.png,
SOB_M_MC-14-16456-100-010.png,
SOB_M_DC-14-16448-40-003.png,
SOB_M_DC-14-13993-200-018.png,
SOB_M_MC-14-19979-100-003.png,
SOB_M_DC-14-2773-200-020.png,
SOB_M_LC-14-16196-400-005.png,
SOB_M_DC-14-13993-400-032.png,
SOB_B_A-14-22549CD-40-015.png,
SOB_M_DC-14-2523-100-026.png,
SOB_M_LC-14-15570-200-022.png,
SOB_B_PT-14-21998AB-100-034.png,
SOB_M_MC-14-13413-400-025.png,
SOB_M_DC-14-4372-400-010.png,
SOB_M_DC-14-13993-100-002.png,
SOB_M_DC-14-17614-400-004.png,
SOB_B_PT-14-21998AB-100-005.png,
SOB_B_A-14-22549CD-100-033.png,
SOB_M_DC-14-20636-400-018.png,
SOB_B_F-14-14134E-100-024.png,
SOB_B_A-14-22549G-100-014.png,
SOB_B_F-14-25197-200-041.png,
SOB_M_DC-14-20636-100-017.png,
SOB_B_A-14-22549AB-400-016.png,
SOB_M_DC-14-2773-200-005.png,
SOB_M_PC-14-15704-400-032.png,
SOB_M_PC-14-9146-100-013.png,
SOB_M_PC-14-12465-200-015.png,
SOB_M_DC-14-14946-40-029.png,
SOB_M_PC-14-19440-200-013.png,
SOB_M_DC-14-5695-400-017.png,
SOB_B_F-14-14134-100-007.png,
SOB_M_DC-14-11520-400-011.png,
SOB_M_DC-14-9461-100-011.png,
SOB_B_F-14-21998CD-40-035.png,
SOB_M_DC-14-9461-200-067.png,
SOB_M_LC-14-12204-40-015.png,
SOB_B_F-14-23060AB-100-012.png,
SOB_M_DC-14-11031-100-004.png,
SOB_B_A-14-22549AB-40-004.png,
SOB_B_F-14-23060CD-200-013.png,
SOB_M_PC-14-19440-400-018.png,
SOB_M_DC-14-16716-40-038.png,
SOB_M_DC-14-13993-40-020.png,
SOB_B_TA-14-16184CD-40-008.png,
SOB_B_PT-14-21998AB-100-035.png,
SOB_M_DC-14-16875-200-008.png,
SOB_M_DC-14-5287-200-014.png,
SOB_M_DC-14-6241-40-055.png,
SOB_M_DC-14-13993-400-006.png,
SOB_M_DC-14-4372-40-020.png,
SOB_B_F-14-21998EF-40-003.png,
SOB_M_DC-14-2985-40-010.png,
SOB_B_F-14-29960AB-100-012.png,
SOB_M_PC-14-15704-200-003.png,
SOB_B_F-14-21998CD-200-006.png,
SOB_B_TA-14-3411F-400-002.png,
SOB_M_MC-14-18842-40-010.png,
SOB_M_DC-14-15696-40-002.png,
SOB_M_MC-14-16456-200-050.png,
SOB_M_PC-15-190EF-40-009.png,
SOB_M_DC-14-5695-200-006.png,
SOB_M_DC-14-9461-200-066.png,
SOB_B_TA-14-21978AB-100-003.png,
SOB_B_TA-14-3411F-40-002.png,
SOB_M_PC-14-19440-400-002.png,
SOB_M_DC-14-13412-200-009.png,
SOB_M_DC-14-2980-400-010.png,
SOB_M_LC-14-16196-40-016.png,
SOB_B_F-14-23060AB-100-019.png,
SOB_B_A-14-22549G-400-008.png,
SOB_B_F-14-21998CD-200-004.png,
SOB_M_DC-14-17901-200-011.png,
SOB_M_MC-14-13413-100-025.png,
SOB_M_DC-14-15696-100-016.png,
SOB_M_DC-14-20629-100-023.png,
SOB_B_TA-14-16184CD-100-036.png,
SOB_B_A-14-22549AB-400-008.png,
SOB_B_PT-14-22704-100-013.png,
SOB_M_DC-14-9461-100-010.png,
SOB_M_DC-14-2980-200-015.png,
SOB_M_DC-14-14946-400-010.png,
SOB_M_DC-14-14946-200-024.png,
SOB_M_PC-14-15687B-40-007.png,
SOB_M_PC-14-12465-400-010.png,
SOB_B_TA-14-16184CD-40-009.png,
SOB_M_DC-14-5695-100-004.png,
SOB_M_DC-14-2985-200-008.png,
SOB_M_DC-14-13412-40-004.png,
SOB_M_DC-14-6241-40-019.png,
SOB_M_LC-14-12204-100-058.png,
SOB_M_DC-14-13412-400-021.png,
SOB_M_DC-14-17614-40-018.png,
SOB_M_DC-14-15572-200-010.png,
SOB_B_TA-14-16184-400-006.png,
SOB_M_DC-14-4372-100-011.png,
SOB_M_DC-14-15696-100-017.png,
SOB_M_DC-14-5694-40-020.png,
SOB_M_MC-14-13418DE-200-014.png,
SOB_B_A-14-22549CD-40-032.png,
SOB_M_DC-14-16601-40-009.png,
SOB_B_F-14-25197-40-038.png,
SOB_B_F-14-29960AB-40-011.png,
SOB_M_DC-14-16716-200-022.png,
SOB_B_TA-14-3411F-400-017.png,
SOB_B_A-14-22549AB-400-001.png,
SOB_M_DC-14-9461-40-010.png,
SOB_B_F-14-29960AB-200-010.png,
SOB_M_DC-14-15696-200-014.png,
SOB_M_DC-14-13993-400-030.png,
SOB_B_TA-14-16184-200-009.png,
SOB_M_DC-14-14015-100-025.png,
SOB_B_A-14-29960CD-100-009.png,
SOB_B_PT-14-21998AB-400-057.png,
SOB_M_DC-14-16875-100-008.png,
SOB_M_PC-14-15687B-200-013.png,
SOB_B_A-14-22549AB-40-018.png,
SOB_M_DC-14-15572-200-019.png,
SOB_M_DC-14-2980-400-016.png,
SOB_M_DC-14-5287-400-002.png,
SOB_B_F-14-21998EF-40-022.png,
SOB_B_PT-14-21998AB-100-064.png,
SOB_B_F-14-14134E-100-016.png,
SOB_B_PT-14-21998AB-200-048.png,
SOB_B_PT-14-21998AB-40-052.png,
SOB_M_DC-14-5287-200-005.png,
SOB_B_PT-14-21998AB-40-045.png,
SOB_M_DC-14-17901-400-008.png,
SOB_M_DC-14-20636-200-017.png,
SOB_M_PC-14-19440-100-008.png,
SOB_M_DC-14-13412-40-002.png,
SOB_B_F-14-14134-200-014.png,
SOB_M_DC-14-2773-40-018.png,
SOB_B_TA-14-21978AB-40-009.png,
SOB_M_LC-14-15570-200-048.png,
SOB_M_DC-14-14946-100-022.png,
SOB_M_DC-14-3909-100-009.png,
SOB_B_F-14-25197-400-037.png,
SOB_M_DC-14-2980-200-011.png,
SOB_M_PC-14-19440-400-031.png,
SOB_M_DC-14-20636-400-007.png,
SOB_M_PC-14-12465-400-013.png,
SOB_M_LC-14-15570-100-006.png,
SOB_M_DC-14-12312-200-032.png,
SOB_M_DC-14-16448-40-008.png,
SOB_M_DC-14-16336-100-017.png,
SOB_M_DC-14-11951-100-016.png,
SOB_M_DC-14-15572-100-014.png,
SOB_M_MC-14-18842D-400-010.png,
SOB_M_DC-14-11520-200-004.png,
SOB_B_PT-14-22704-40-033.png,
SOB_M_DC-14-16875-200-001.png,
SOB_M_DC-14-2523-100-031.png,
SOB_B_F-14-9133-40-024.png,
SOB_B_A-14-22549G-200-031.png,
SOB_B_A-14-22549G-100-017.png,
SOB_B_TA-14-16184-100-004.png,
SOB_M_MC-14-10147-100-005.png,
SOB_M_DC-14-16448-400-006.png,
SOB_M_DC-14-13993-100-037.png,
SOB_B_TA-14-19854C-400-007.png,
SOB_B_PT-14-22704-400-022.png,
SOB_M_DC-14-17614-200-026.png,
SOB_M_DC-14-5694-40-022.png,
SOB_B_F-14-29960AB-100-014.png,
SOB_M_MC-14-16456-100-065.png,
SOB_M_DC-14-5287-40-019.png,
SOB_B_PT-14-21998AB-40-055.png,
SOB_B_F-14-29960AB-40-008.png,
SOB_B_TA-14-21978AB-400-001.png,
SOB_M_LC-14-15570C-40-004.png,
SOB_M_DC-14-2985-40-006.png,
SOB_M_MC-14-16456-200-018.png,
SOB_M_DC-14-20629-200-030.png,
SOB_B_F-14-9133-100-029.png,
SOB_M_DC-14-13993-100-018.png,
SOB_M_DC-14-17614-100-028.png,
SOB_M_LC-14-13412-100-029.png,
SOB_M_DC-14-5287-40-018.png,
SOB_M_MC-14-12773-400-015.png,
SOB_B_F-14-21998CD-200-017.png,
SOB_M_LC-14-15570-100-034.png,
SOB_B_PT-14-21998AB-400-012.png,
SOB_M_PC-14-12465-200-004.png,
SOB_M_DC-14-18650-200-018.png,
SOB_B_PT-14-22704-400-026.png,
SOB_M_DC-14-20629-100-019.png,
SOB_B_F-14-9133-100-019.png,
SOB_B_PT-14-29315EF-200-013.png,
SOB_M_DC-14-16188-400-015.png,
SOB_M_MC-14-12773-200-009.png,
SOB_M_DC-14-2523-400-019.png,
SOB_M_DC-14-14015-100-010.png,
SOB_M_MC-14-13413-100-011.png,
SOB_M_MC-14-19979C-200-007.png,
SOB_M_LC-14-13412-40-029.png,
SOB_M_DC-14-2773-400-031.png,
SOB_B_F-14-21998EF-400-023.png,
SOB_B_F-14-25197-200-046.png,
SOB_M_PC-14-12465-100-019.png,
SOB_M_DC-14-6241-400-003.png,
SOB_B_TA-14-16184CD-100-026.png,
SOB_M_DC-14-13412-200-016.png,
SOB_M_DC-14-13993-400-023.png,
SOB_M_MC-14-19979-100-015.png,
SOB_M_DC-14-17901-400-025.png,
SOB_M_DC-14-16336-100-019.png,
SOB_M_MC-14-12773-40-006.png,
SOB_M_DC-14-11520-200-015.png,
SOB_B_A-14-22549G-200-003.png,
SOB_M_MC-14-13418DE-40-012.png,
SOB_M_PC-14-15704-400-022.png,
SOB_M_DC-14-17614-40-021.png,
SOB_B_TA-14-16184CD-100-018.png,
SOB_M_DC-14-17614-200-031.png,
SOB_M_DC-14-14015-200-030.png,
SOB_B_F-14-21998EF-400-014.png,
SOB_M_LC-14-16196-200-016.png,
SOB_M_PC-14-19440-200-031.png,
SOB_M_PC-14-9146-40-009.png,
SOB_M_DC-14-10926-100-006.png,
SOB_B_TA-14-15275-100-004.png,
SOB_B_PT-14-21998AB-400-003.png,
SOB_B_F-14-21998CD-100-010.png,
SOB_M_DC-14-9461-40-020.png,
SOB_B_TA-14-16184CD-100-029.png,
SOB_M_DC-14-16875-40-014.png,
SOB_B_A-14-29960CD-400-002.png,
SOB_M_PC-14-19440-200-016.png,
SOB_B_TA-14-3411F-400-010.png,
SOB_B_TA-14-15275-200-007.png,
SOB_B_F-14-21998EF-200-020.png,
SOB_M_DC-14-16336-100-007.png,
SOB_M_DC-14-8168-200-002.png,
SOB_B_F-14-23222AB-200-016.png,
SOB_B_F-14-25197-100-006.png,
SOB_B_PT-14-21998AB-40-014.png,
SOB_B_A-14-22549G-200-030.png,
SOB_M_DC-14-13412-40-025.png,
SOB_M_MC-14-12773-100-015.png,
SOB_M_DC-14-11951-100-024.png,
SOB_M_DC-14-16448-200-001.png,
SOB_B_TA-14-3411F-400-014.png,
SOB_B_F-14-23222AB-400-002.png,
SOB_M_MC-14-18842D-200-005.png,
SOB_B_PT-14-21998AB-400-002.png,
SOB_M_DC-14-16716-200-031.png,
SOB_M_PC-15-190EF-200-006.png,
SOB_M_DC-14-12312-100-034.png,
SOB_M_LC-14-13412-200-016.png,
SOB_B_A-14-22549CD-100-008.png,
SOB_M_DC-14-16188-40-015.png,
SOB_M_DC-14-16875-200-005.png,
SOB_B_TA-14-13200-200-015.png,
SOB_B_F-14-23060CD-400-007.png,
SOB_M_MC-14-18842-200-001.png,
SOB_M_MC-14-13418DE-100-009.png,
SOB_M_LC-14-15570-40-017.png,
SOB_M_DC-14-5694-400-017.png,
SOB_M_MC-14-12773-40-021.png,
SOB_M_MC-14-18842D-100-011.png,
SOB_B_TA-14-16184-40-005.png,
SOB_M_DC-14-9461-400-025.png,
SOB_M_DC-14-11520-100-017.png,
SOB_B_PT-14-22704-200-005.png,
SOB_B_PT-14-21998AB-400-047.png,
SOB_M_PC-14-15704-100-018.png,
SOB_B_F-14-9133-200-026.png,
SOB_M_DC-14-16716-100-009.png,
SOB_B_F-14-14134-400-020.png,
SOB_M_DC-14-2985-100-004.png,
SOB_B_A-14-22549G-40-029.png,
SOB_M_DC-14-8168-400-003.png,
SOB_M_LC-14-12204-40-006.png,
SOB_M_PC-14-19440-400-014.png,
SOB_M_DC-14-11520-200-007.png,
SOB_M_DC-14-18650-200-008.png,
SOB_B_F-14-14134-40-012.png,
SOB_M_MC-14-13413-40-012.png,
SOB_M_LC-14-15570-100-037.png,
SOB_M_MC-14-18842-400-003.png,
SOB_M_DC-14-14015-100-009.png,
SOB_M_DC-14-11951-200-010.png,
SOB_B_F-14-21998EF-400-004.png,
SOB_M_PC-14-12465-200-013.png,
SOB_M_LC-14-13412-100-006.png,
SOB_M_PC-14-12465-40-001.png,
SOB_M_DC-14-9461-200-029.png,
SOB_M_DC-14-16601-200-001.png,
SOB_B_PT-14-29315EF-200-003.png,
SOB_M_DC-14-16601-200-005.png,
SOB_M_DC-14-14015-40-013.png,
SOB_M_DC-14-16875-40-002.png,
SOB_M_DC-14-17901-100-009.png,
SOB_M_DC-14-16336-400-003.png,
SOB_M_PC-14-19440-200-018.png,
SOB_B_TA-14-16184CD-400-027.png,
SOB_M_DC-14-14946-200-031.png,
SOB_M_DC-14-13412-40-026.png,
SOB_M_DC-14-5694-200-013.png,
SOB_M_MC-14-12773-40-009.png,
SOB_M_LC-14-15570-400-007.png,
SOB_B_A-14-22549CD-100-025.png,
SOB_M_DC-14-14946-200-011.png,
SOB_M_DC-14-18650-100-019.png,
SOB_B_PT-14-21998AB-100-025.png,
SOB_B_F-14-25197-100-010.png,
SOB_B_PT-14-29315EF-400-010.png,
SOB_M_LC-14-12204-40-012.png,
SOB_B_PT-14-21998AB-40-001.png,
SOB_B_TA-14-16184CD-200-016.png,
SOB_M_DC-14-9461-100-026.png,
SOB_M_DC-14-16716-100-007.png,
SOB_M_DC-14-2773-40-005.png,
SOB_M_LC-14-15570-100-003.png,
SOB_M_DC-14-16716-200-019.png,
SOB_M_LC-14-15570C-400-004.png,
SOB_B_TA-14-13200-100-010.png,
SOB_M_MC-14-12773-200-018.png,
SOB_B_F-14-21998CD-400-015.png,
SOB_B_A-14-22549CD-100-030.png,
SOB_M_LC-14-12204-40-008.png,
SOB_M_LC-14-16196-200-012.png,
SOB_M_LC-14-15570-40-029.png,
SOB_M_DC-14-11520-100-011.png,
SOB_B_TA-14-16184CD-100-010.png,
SOB_M_DC-14-4372-100-018.png,
SOB_M_LC-14-13412-400-002.png,
SOB_M_MC-14-10147-40-001.png,
SOB_M_PC-14-15704-200-022.png,
SOB_B_F-14-21998CD-40-024.png,
SOB_B_F-14-21998EF-400-005.png,
SOB_M_DC-14-16875-100-010.png,
SOB_M_PC-14-19440-400-021.png,
SOB_M_DC-14-10926-200-002.png,
SOB_M_DC-14-14946-40-024.png,
SOB_M_DC-14-13993-100-024.png,
SOB_B_F-14-21998EF-100-021.png,
SOB_M_DC-14-5694-400-013.png,
SOB_M_MC-14-13418DE-40-014.png,
SOB_M_DC-14-17614-100-018.png,
SOB_B_PT-14-22704-200-020.png,
SOB_B_TA-14-16184-40-023.png,
SOB_M_PC-14-12465-100-003.png,
SOB_M_DC-14-10926-40-001.png,
SOB_M_DC-14-15572-400-003.png,
SOB_B_F-14-21998EF-200-029.png,
SOB_M_DC-14-16716-400-008.png,
SOB_M_DC-14-17614-100-001.png,
SOB_B_F-14-14134E-400-010.png,
SOB_M_DC-14-2985-200-007.png,
SOB_M_DC-14-17901-40-019.png,
SOB_M_DC-14-3909-400-007.png,
SOB_M_LC-14-13412-40-026.png,
SOB_B_PT-14-21998AB-400-017.png,
SOB_M_DC-14-4372-400-004.png,
SOB_B_A-14-29960CD-400-012.png,
SOB_M_MC-14-13413-400-022.png,
SOB_M_LC-14-15570C-400-018.png,
SOB_M_LC-14-15570-100-022.png,
SOB_M_DC-14-17915-400-015.png,
SOB_B_F-14-21998EF-200-016.png,
SOB_M_DC-14-3909-200-020.png,
SOB_M_PC-14-9146-400-019.png,
SOB_M_LC-14-15570C-400-013.png,
SOB_M_DC-14-20629-40-035.png,
SOB_B_A-14-22549AB-400-025.png,
SOB_M_DC-14-4364-100-006.png,
SOB_B_A-14-22549CD-40-018.png,
SOB_M_DC-14-3909-100-015.png,
SOB_M_PC-14-12465-40-008.png,
SOB_M_DC-14-20636-100-009.png,
SOB_M_DC-14-15696-400-014.png,
SOB_B_F-14-23060CD-40-011.png,
SOB_M_DC-14-2980-100-014.png,
SOB_M_MC-14-13413-100-002.png,
SOB_B_A-14-22549CD-100-032.png,
SOB_M_LC-14-12204-400-042.png,
SOB_M_DC-14-11031-400-004.png,
SOB_M_LC-14-16196-100-002.png,
SOB_M_DC-14-16188-400-007.png,
SOB_B_PT-14-22704-40-037.png,
SOB_B_F-14-14134-100-026.png,
SOB_M_LC-14-15570C-100-016.png,
SOB_M_PC-15-190EF-400-008.png,
SOB_M_DC-14-11520-100-008.png,
SOB_B_TA-14-3411F-200-015.png,
SOB_M_LC-14-15570C-400-028.png,
SOB_B_F-14-29960AB-200-006.png,
SOB_B_F-14-21998CD-100-007.png,
SOB_M_DC-14-5695-100-021.png,
SOB_B_F-14-14134E-200-009.png,
SOB_M_DC-14-13412-200-027.png,
SOB_M_DC-14-13412-100-014.png,
SOB_M_MC-14-13418DE-40-004.png,
SOB_M_MC-14-19979-40-015.png,
SOB_M_MC-14-18842-100-013.png,
SOB_M_MC-14-19979C-400-011.png,
SOB_M_PC-14-9146-400-023.png,
SOB_B_F-14-23060AB-200-001.png,
SOB_M_PC-14-15687B-200-014.png,
SOB_M_DC-14-18650-400-002.png,
SOB_M_PC-14-9146-400-001.png,
SOB_M_DC-14-8168-100-009.png,
SOB_M_LC-14-16196-100-010.png,
SOB_M_DC-14-13412-100-009.png,
SOB_M_DC-14-15572-200-005.png,
SOB_M_DC-14-2985-400-010.png,
SOB_M_DC-14-6241-100-015.png,
SOB_B_TA-14-16184CD-40-018.png,
SOB_M_LC-14-12204-200-030.png,
SOB_M_LC-14-15570-400-001.png,
SOB_M_DC-14-2980-100-007.png,
SOB_M_DC-14-8168-40-003.png,
SOB_M_DC-14-14926-400-003.png,
SOB_M_DC-14-3909-100-002.png,
SOB_B_F-14-25197-100-031.png,
SOB_B_F-14-14134-400-006.png,
SOB_M_PC-14-15687B-200-012.png,
SOB_M_PC-14-15687B-400-003.png,
SOB_B_F-14-25197-100-025.png,
SOB_M_PC-14-15704-100-015.png,
SOB_M_LC-14-15570C-200-024.png,
SOB_M_DC-14-17915-400-003.png,
SOB_M_DC-14-4372-100-019.png,
SOB_M_DC-14-13412-100-001.png,
SOB_B_PT-14-21998AB-100-027.png,
SOB_M_DC-14-15696-400-015.png,
SOB_M_LC-14-15570-100-017.png,
SOB_B_F-14-23222AB-200-005.png,
SOB_M_PC-14-15687B-40-010.png,
SOB_M_MC-14-10147-40-014.png,
SOB_M_DC-14-13993-40-016.png,
SOB_M_MC-14-16456-200-010.png,
SOB_M_LC-14-13412-100-033.png,
SOB_B_F-14-23060CD-100-007.png,
SOB_M_DC-14-20636-40-023.png,
SOB_B_F-14-23222AB-200-008.png,
SOB_B_PT-14-29315EF-200-008.png,
SOB_B_F-14-25197-200-047.png,
SOB_M_DC-14-15792-200-008.png,
SOB_B_F-14-14134-40-014.png,
SOB_M_DC-14-2773-400-002.png,
SOB_B_F-14-9133-400-020.png,
SOB_B_A-14-22549AB-100-016.png,
SOB_M_PC-14-19440-400-012.png,
SOB_M_MC-14-18842D-200-007.png,
SOB_M_MC-14-19979-400-017.png,
SOB_B_TA-14-21978AB-200-007.png,
SOB_B_F-14-9133-100-035.png,
SOB_B_F-14-25197-40-041.png,
SOB_M_DC-14-11520-40-007.png,
SOB_M_MC-14-13413-200-020.png,
SOB_M_DC-14-20636-40-014.png,
SOB_M_DC-14-2985-40-015.png,
SOB_M_DC-14-2773-100-023.png,
SOB_M_DC-14-4364-400-007.png,
SOB_M_DC-14-16188-100-002.png,
SOB_M_DC-14-10926-40-003.png,
SOB_M_DC-14-13412-200-015.png,
SOB_B_PT-14-29315EF-200-010.png,
SOB_M_PC-14-15704-400-021.png,
SOB_M_DC-14-12312-40-030.png,
SOB_M_DC-14-11951-400-001.png,
SOB_B_F-14-14134-40-017.png,
SOB_M_MC-14-19979C-100-006.png,
SOB_M_DC-14-18650-40-021.png,
SOB_M_PC-14-15687B-40-005.png,
SOB_M_LC-14-15570C-100-006.png,
SOB_B_F-14-29960AB-400-010.png,
SOB_M_DC-14-18650-400-013.png,
SOB_M_DC-14-2985-100-001.png,
SOB_M_LC-14-15570-200-007.png,
SOB_M_DC-14-16448-400-014.png,
SOB_M_PC-14-9146-100-014.png,
SOB_M_DC-14-17614-40-019.png,
SOB_M_DC-14-9461-100-018.png,
SOB_M_DC-14-16188-400-011.png,
SOB_M_MC-14-13413-200-023.png,
SOB_M_LC-14-15570C-200-028.png,
SOB_B_F-14-21998CD-200-018.png,
SOB_M_PC-15-190EF-200-015.png,
SOB_B_F-14-21998CD-200-010.png,
SOB_B_TA-14-21978AB-100-009.png,
SOB_M_MC-14-16456-40-060.png,
SOB_B_F-14-25197-100-017.png,
SOB_B_PT-14-22704-40-028.png,
SOB_B_F-14-21998EF-100-027.png,
SOB_B_A-14-29960CD-200-010.png,
SOB_M_DC-14-2523-400-023.png,
SOB_B_TA-14-16184CD-200-017.png,
SOB_B_F-14-14134E-100-021.png,
SOB_M_LC-14-12204-40-016.png,
SOB_M_LC-14-13412-100-004.png,
SOB_M_MC-14-16456-100-078.png,
SOB_B_F-14-14134E-200-004.png,
SOB_B_PT-14-22704-200-008.png,
SOB_B_F-14-21998CD-40-015.png,
SOB_M_DC-14-16336-40-005.png,
SOB_M_LC-14-15570-200-026.png,
SOB_M_DC-14-14015-100-020.png,
SOB_M_DC-14-3909-200-010.png,
SOB_B_TA-14-16184CD-400-003.png,
SOB_M_DC-14-10926-100-003.png,
SOB_M_DC-14-2773-200-035.png,
SOB_M_DC-14-15572-40-016.png,
SOB_B_PT-14-21998AB-100-037.png,
SOB_B_TA-14-16184-200-030.png,
SOB_M_PC-15-190EF-40-015.png,
SOB_B_F-14-23060CD-200-002.png,
SOB_M_PC-14-15704-100-020.png,
SOB_M_DC-14-17614-100-025.png,
SOB_M_DC-14-18650-400-018.png,
SOB_M_DC-14-16188-400-017.png,
SOB_M_PC-14-12465-40-006.png,
SOB_M_MC-14-13418DE-200-010.png,
SOB_M_DC-14-13412-100-021.png,
SOB_B_PT-14-22704-200-032.png,
